<xml xmlns:o="urn:schemas-microsoft-com:office:office">
 <o:MainFile HRef="../DIY-21BRS1528.html"/>
 <o:File HRef="themedata.thmx"/>
 <o:File HRef="colorschememapping.xml"/>
 <o:File HRef="image120.png"/>
 <o:File HRef="image121.png"/>
 <o:File HRef="image003.jpg"/>
 <o:File HRef="image122.jpg"/>
 <o:File HRef="image005.png"/>
 <o:File HRef="image006.jpg"/>
 <o:File HRef="image123.jpg"/>
 <o:File HRef="image008.jpg"/>
 <o:File HRef="image009.png"/>
 <o:File HRef="image010.jpg"/>
 <o:File HRef="image124.jpg"/>
 <o:File HRef="image012.png"/>
 <o:File HRef="image013.jpg"/>
 <o:File HRef="image125.jpg"/>
 <o:File HRef="image015.jpg"/>
 <o:File HRef="image016.png"/>
 <o:File HRef="image017.jpg"/>
 <o:File HRef="image018.jpg"/>
 <o:File HRef="image126.jpg"/>
 <o:File HRef="image020.jpg"/>
 <o:File HRef="image127.jpg"/>
 <o:File HRef="image022.jpg"/>
 <o:File HRef="image023.jpg"/>
 <o:File HRef="image128.jpg"/>
 <o:File HRef="image025.jpg"/>
 <o:File HRef="image129.jpg"/>
 <o:File HRef="image027.jpg"/>
 <o:File HRef="image028.jpg"/>
 <o:File HRef="image130.jpg"/>
 <o:File HRef="image030.png"/>
 <o:File HRef="image031.png"/>
 <o:File HRef="image032.jpg"/>
 <o:File HRef="image033.jpg"/>
 <o:File HRef="image131.jpg"/>
 <o:File HRef="image035.jpg"/>
 <o:File HRef="image036.jpg"/>
 <o:File HRef="image037.jpg"/>
 <o:File HRef="image038.png"/>
 <o:File HRef="image039.jpg"/>
 <o:File HRef="image040.jpg"/>
 <o:File HRef="image132.jpg"/>
 <o:File HRef="image042.png"/>
 <o:File HRef="image133.png"/>
 <o:File HRef="image044.png"/>
 <o:File HRef="image045.jpg"/>
 <o:File HRef="image046.jpg"/>
 <o:File HRef="image134.jpg"/>
 <o:File HRef="image048.jpg"/>
 <o:File HRef="image135.jpg"/>
 <o:File HRef="image050.png"/>
 <o:File HRef="image051.jpg"/>
 <o:File HRef="image052.jpg"/>
 <o:File HRef="image053.jpg"/>
 <o:File HRef="image136.jpg"/>
 <o:File HRef="image055.jpg"/>
 <o:File HRef="image137.png"/>
 <o:File HRef="image138.png"/>
 <o:File HRef="image058.jpg"/>
 <o:File HRef="image059.jpg"/>
 <o:File HRef="image060.jpg"/>
 <o:File HRef="image061.jpg"/>
 <o:File HRef="image062.jpg"/>
 <o:File HRef="image139.jpg"/>
 <o:File HRef="image064.jpg"/>
 <o:File HRef="image140.jpg"/>
 <o:File HRef="image066.png"/>
 <o:File HRef="image067.jpg"/>
 <o:File HRef="image141.jpg"/>
 <o:File HRef="image069.jpg"/>
 <o:File HRef="image070.jpg"/>
 <o:File HRef="image142.jpg"/>
 <o:File HRef="image072.jpg"/>
 <o:File HRef="image143.jpg"/>
 <o:File HRef="image074.jpg"/>
 <o:File HRef="image144.jpg"/>
 <o:File HRef="image076.jpg"/>
 <o:File HRef="image145.jpg"/>
 <o:File HRef="image078.jpg"/>
 <o:File HRef="image146.jpg"/>
 <o:File HRef="image080.jpg"/>
 <o:File HRef="image147.jpg"/>
 <o:File HRef="image082.jpg"/>
 <o:File HRef="image083.jpg"/>
 <o:File HRef="image084.jpg"/>
 <o:File HRef="image148.jpg"/>
 <o:File HRef="image086.jpg"/>
 <o:File HRef="image087.jpg"/>
 <o:File HRef="image149.jpg"/>
 <o:File HRef="image089.jpg"/>
 <o:File HRef="image090.jpg"/>
 <o:File HRef="image150.jpg"/>
 <o:File HRef="image092.jpg"/>
 <o:File HRef="image093.jpg"/>
 <o:File HRef="image151.jpg"/>
 <o:File HRef="image095.jpg"/>
 <o:File HRef="image152.jpg"/>
 <o:File HRef="image097.jpg"/>
 <o:File HRef="image098.jpg"/>
 <o:File HRef="image099.png"/>
 <o:File HRef="image100.jpg"/>
 <o:File HRef="image153.jpg"/>
 <o:File HRef="image102.jpg"/>
 <o:File HRef="image154.jpg"/>
 <o:File HRef="image104.jpg"/>
 <o:File HRef="image105.jpg"/>
 <o:File HRef="image155.jpg"/>
 <o:File HRef="image107.jpg"/>
 <o:File HRef="image108.jpg"/>
 <o:File HRef="image109.jpg"/>
 <o:File HRef="image110.jpg"/>
 <o:File HRef="image156.jpg"/>
 <o:File HRef="image112.jpg"/>
 <o:File HRef="image113.jpg"/>
 <o:File HRef="image114.jpg"/>
 <o:File HRef="image115.jpg"/>
 <o:File HRef="image157.jpg"/>
 <o:File HRef="image117.jpg"/>
 <o:File HRef="image158.jpg"/>
 <o:File HRef="image119.jpg"/>
 <o:File HRef="editdata.mso"/>
 <o:File HRef="filelist.xml"/>
</xml>